Address,Description
opera.com,Opera main website
www.opera.com,Opera main website with www
addons.opera.com,Opera browser extensions and add-ons
accounts.opera.com,Opera user accounts and login
sync.opera.com,Opera browser synchronization service
forums.opera.com,Opera community forums
help.opera.com,Opera help and support documentation
blogs.opera.com,Opera official blog
news.opera.com,Opera news and announcements
dev.opera.com,Opera developer resources and documentation
developer.opera.com,Opera developer portal
mobile.opera.com,Opera mobile browser
mini.opera.com,Opera Mini browser
touch.opera.com,Opera Touch mobile browser
vpn.opera.com,Opera VPN service
crypto.opera.com,Opera crypto browser and wallet
security.opera.com,Opera security information
privacy.opera.com,Opera privacy policy and information
download.opera.com,Opera browser downloads
get.opera.com,Opera browser download portal
store.opera.com,Opera software store
business.opera.com,Opera for business solutions
ads.opera.com,Opera advertising platform
api.opera.com,Opera API services
cdn.opera.com,Opera content delivery network
static.opera.com,Opera static content and assets
img.opera.com,Opera image hosting and assets
js.opera.com,Opera JavaScript resources
css.opera.com,Opera CSS resources
fonts.opera.com,Opera web fonts
mail.opera.com,Opera Mail service
my.opera.com,Opera personal dashboard
profile.opera.com,Opera user profiles
settings.opera.com,Opera browser settings
preferences.opera.com,Opera user preferences
bookmarks.opera.com,Opera bookmarks synchronization
history.opera.com,Opera browsing history sync
passwords.opera.com,Opera password manager
speeddial.opera.com,Opera speed dial service
weather.opera.com,Opera weather widget
news-feed.opera.com,Opera news feed service
sidebar.opera.com,Opera sidebar widgets
messenger.opera.com,Opera messaging integration
social.opera.com,Opera social media integration
gaming.opera.com,Opera gaming platform
gamemaker.opera.com,Opera GameMaker integration
turbo.opera.com,Opera Turbo compression service
beta.opera.com,Opera beta testing
labs.opera.com,Opera experimental features
test.opera.com,Opera testing environment
staging.opera.com,Opera staging environment
admin.opera.com,Opera administration panel
portal.opera.com,Opera web portal
dashboard.opera.com,Opera management dashboard
analytics.opera.com,Opera analytics service
metrics.opera.com,Opera metrics and tracking
feedback.opera.com,Opera user feedback
bugs.opera.com,Opera bug reporting
issues.opera.com,Opera issue tracking
support.opera.com,Opera customer support
chat.opera.com,Opera live chat support
status.opera.com,Opera service status page
uptime.opera.com,Opera uptime monitoring
monitoring.opera.com,Opera service monitoring
health.opera.com,Opera service health checks
ping.opera.com,Opera network ping service
trace.opera.com,Opera network trace service
speed.opera.com,Opera speed test service
performance.opera.com,Opera performance metrics
optimization.opera.com,Opera optimization tools
cache.opera.com,Opera caching service
proxy.opera.com,Opera proxy service
gateway.opera.com,Opera API gateway
edge.opera.com,Opera edge computing
cloud.opera.com,Opera cloud services
server.opera.com,Opera server infrastructure
hosting.opera.com,Opera hosting services
storage.opera.com,Opera cloud storage
backup.opera.com,Opera backup services
archive.opera.com,Opera data archiving
log.opera.com,Opera logging service
audit.opera.com,Opera audit trails
compliance.opera.com,Opera compliance information
legal.opera.com,Opera legal information
terms.opera.com,Opera terms of service
license.opera.com,Opera software licensing
copyright.opera.com,Opera copyright information
trademark.opera.com,Opera trademark information
brand.opera.com,Opera brand guidelines
press.opera.com,Opera press releases
media.opera.com,Opera media resources
assets.opera.com,Opera digital assets
logos.opera.com,Opera logos and branding
icons.opera.com,Opera icons and graphics
images.opera.com,Opera image gallery
videos.opera.com,Opera video content
podcasts.opera.com,Opera podcast content
audio.opera.com,Opera audio content
music.opera.com,Opera music integration
radio.opera.com,Opera radio service
streaming.opera.com,Opera streaming services
tv.opera.com,Opera TV integration
video.opera.com,Opera video services
live.opera.com,Opera live streaming
broadcast.opera.com,Opera broadcasting service
webcast.opera.com,Opera webcast platform
conference.opera.com,Opera conference platform
meeting.opera.com,Opera meeting platform
collaboration.opera.com,Opera collaboration tools
team.opera.com,Opera team management
workspace.opera.com,Opera workspace platform
office.opera.com,Opera office suite
docs.opera.com,Opera document management
files.opera.com,Opera file management
share.opera.com,Opera file sharing
transfer.opera.com,Opera file transfer
upload.opera.com,Opera file upload service
download-archive.opera.com,Opera download archives
releases.opera.com,Opera software releases
updates.opera.com,Opera software updates
patches.opera.com,Opera software patches
security-updates.opera.com,Opera security updates
changelog.opera.com,Opera version changelog
roadmap.opera.com,Opera product roadmap
features.opera.com,Opera feature announcements
experimental.opera.com,Opera experimental features
preview.opera.com,Opera preview versions
nightly.opera.com,Opera nightly builds
alpha.opera.com,Opera alpha versions
rc.opera.com,Opera release candidates
stable.opera.com,Opera stable releases
lts.opera.com,Opera long-term support
legacy.opera.com,Opera legacy versions
archive-downloads.opera.com,Opera archived downloads
old.opera.com,Opera legacy website
classic.opera.com,Opera classic version
vintage.opera.com,Opera vintage content
about.opera.com,Opera about page
careers.opera.com,Opera job opportunities
jobs.opera.com,Opera job listings
hiring.opera.com,Opera recruitment
recruiting.opera.com,Opera talent acquisition
hr.opera.com,Opera human resources
benefits.opera.com,Opera employee benefits
culture.opera.com,Opera company culture
values.opera.com,Opera company values
mission.opera.com,Opera mission statement
vision.opera.com,Opera company vision
leadership.opera.com,Opera leadership team
management.opera.com,Opera management information
board.opera.com,Opera board of directors
investors.opera.com,Opera investor relations
financial.opera.com,Opera financial information
annual-report.opera.com,Opera annual reports
quarterly.opera.com,Opera quarterly reports
earnings.opera.com,Opera earnings information
sec.opera.com,Opera SEC filings
ir.opera.com,Opera investor relations
shareholder.opera.com,Opera shareholder information
stock.opera.com,Opera stock information
market.opera.com,Opera market information
research.opera.com,Opera research and development
innovation.opera.com,Opera innovation initiatives
technology.opera.com,Opera technology information
engineering.opera.com,Opera engineering blog
architecture.opera.com,Opera system architecture
infrastructure.opera.com,Opera infrastructure information
platform.opera.com,Opera platform information
ecosystem.opera.com,Opera ecosystem overview
partners.opera.com,Opera partner program
partnership.opera.com,Opera partnerships
affiliate.opera.com,Opera affiliate program
reseller.opera.com,Opera reseller program
distributor.opera.com,Opera distribution network
oem.opera.com,Opera OEM partnerships
integration.opera.com,Opera integration services
api-docs.opera.com,Opera API documentation
sdk.opera.com,Opera software development kit
tools.opera.com,Opera developer tools
ide.opera.com,Opera integrated development environment
debugger.opera.com,Opera debugging tools
profiler.opera.com,Opera performance profiling
inspector.opera.com,Opera web inspector
console.opera.com,Opera web console
devtools.opera.com,Opera developer tools
webtools.opera.com,Opera web development tools
extensions.opera.com,Opera browser extensions
plugins.opera.com,Opera browser plugins
themes.opera.com,Opera browser themes
skins.opera.com,Opera browser skins
widgets.opera.com,Opera desktop widgets
gadgets.opera.com,Opera web gadgets
apps.opera.com,Opera web applications
webapp.opera.com,Opera web app platform
pwa.opera.com,Opera progressive web apps
mobile-apps.opera.com,Opera mobile applications
android.opera.com,Opera Android applications
ios.opera.com,Opera iOS applications
windows.opera.com,Opera Windows applications
mac.opera.com,Opera macOS applications
linux.opera.com,Opera Linux applications
unix.opera.com,Opera Unix applications
freebsd.opera.com,Opera FreeBSD support
solaris.opera.com,Opera Solaris support
embedded.opera.com,Opera embedded systems
iot.opera.com,Opera Internet of Things
automotive.opera.com,Opera automotive integration
tv-browser.opera.com,Opera TV browser
smart-tv.opera.com,Opera Smart TV platform
gaming-browser.opera.com,Opera gaming browser
gx.opera.com,Opera GX gaming browser
crypto-browser.opera.com,Opera crypto browser
web3.opera.com,Opera Web3 integration
blockchain.opera.com,Opera blockchain services
nft.opera.com,Opera NFT marketplace
defi.opera.com,Opera DeFi integration
wallet.opera.com,Opera crypto wallet
dapps.opera.com,Opera decentralized applications
marketplace.opera.com,Opera digital marketplace
shop.opera.com,Opera online store
ecommerce.opera.com,Opera e-commerce platform
payments.opera.com,Opera payment processing
billing.opera.com,Opera billing services
subscription.opera.com,Opera subscription management
plans.opera.com,Opera pricing plans
pricing.opera.com,Opera pricing information
quote.opera.com,Opera quote generation
invoice.opera.com,Opera invoicing system
receipt.opera.com,Opera receipt management
refund.opera.com,Opera refund processing
customer.opera.com,Opera customer portal
crm.opera.com,Opera customer relationship management
helpdesk.opera.com,Opera help desk system
ticketing.opera.com,Opera support ticketing
knowledge.opera.com,Opera knowledge base
faq.opera.com,Opera frequently asked questions
guide.opera.com,Opera user guides
tutorial.opera.com,Opera tutorials
training.opera.com,Opera training resources
certification.opera.com,Opera certification program
academy.opera.com,Opera training academy
learn.opera.com,Opera learning platform
education.opera.com,Opera educational resources
school.opera.com,Opera educational programs
university.opera.com,Opera university partnerships
student.opera.com,Opera student programs
teacher.opera.com,Opera teacher resources
classroom.opera.com,Opera classroom tools
library.opera.com,Opera digital library
books.opera.com,Opera digital books
ebooks.opera.com,Opera electronic books
publications.opera.com,Opera publications
magazines.opera.com,Opera digital magazines
journals.opera.com,Opera academic journals
papers.opera.com,Opera research papers
whitepapers.opera.com,Opera technical whitepapers
case-studies.opera.com,Opera case studies
success-stories.opera.com,Opera success stories
testimonials.opera.com,Opera customer testimonials
reviews.opera.com,Opera product reviews
ratings.opera.com,Opera user ratings
community.opera.com,Opera user community
social-network.opera.com,Opera social networking
groups.opera.com,Opera user groups
clubs.opera.com,Opera user clubs
events.opera.com,Opera events and meetups
meetup.opera.com,Opera meetup organization
conference-events.opera.com,Opera conference events
webinar.opera.com,Opera webinar platform
workshop.opera.com,Opera workshop platform
seminar.opera.com,Opera seminar platform
demo.opera.com,Opera product demonstrations
trial.opera.com,Opera trial versions
free.opera.com,Opera free services
premium.opera.com,Opera premium services
pro.opera.com,Opera professional services
enterprise.opera.com,Opera enterprise solutions
business-solutions.opera.com,Opera business solutions
corporate.opera.com,Opera corporate information
government.opera.com,Opera government solutions
public-sector.opera.com,Opera public sector solutions
nonprofit.opera.com,Opera nonprofit programs
charity.opera.com,Opera charitable initiatives
foundation.opera.com,Opera foundation information
grants.opera.com,Opera grant programs
scholarships.opera.com,Opera scholarship programs
contests.opera.com,Opera contests and competitions
awards.opera.com,Opera awards and recognition
achievements.opera.com,Opera company achievements
milestones.opera.com,Opera company milestones
timeline.opera.com,Opera company timeline
decades.opera.com,Opera decades of innovation
anniversary.opera.com,Opera anniversary celebrations
celebration.opera.com,Opera special celebrations
commemoration.opera.com,Opera commemorative content
heritage.opera.com,Opera company heritage
tradition.opera.com,Opera company traditions
legacy-content.opera.com,Opera legacy content
nostalgia.opera.com,Opera nostalgic content
throwback.opera.com,Opera throwback content
retro.opera.com,Opera retro content
classic-content.opera.com,Opera classic content
vintage-content.opera.com,Opera vintage content
historical.opera.com,Opera historical information
museum.opera.com,Opera digital museum
gallery.opera.com,Opera digital gallery
exhibition.opera.com,Opera digital exhibitions
showcase.opera.com,Opera product showcase
portfolio.opera.com,Opera company portfolio
projects.opera.com,Opera project showcase
work.opera.com,Opera work examples
samples.opera.com,Opera sample content
examples.opera.com,Opera usage examples
use-cases.opera.com,Opera use case studies
scenarios.opera.com,Opera usage scenarios
applications.opera.com,Opera application examples
implementations.opera.com,Opera implementation guides
deployments.opera.com,Opera deployment guides
installations.opera.com,Opera installation guides
setup.opera.com,Opera setup instructions
configuration.opera.com,Opera configuration guides
customization.opera.com,Opera customization options
personalization.opera.com,Opera personalization features
themes-gallery.opera.com,Opera themes gallery
wallpapers.opera.com,Opera wallpaper collection
backgrounds.opera.com,Opera background images
screensavers.opera.com,Opera screensaver collection
sounds.opera.com,Opera sound effects
alerts.opera.com,Opera alert sounds
notifications.opera.com,Opera notification sounds
ringtones.opera.com,Opera ringtone collection
startup.opera.com,Opera startup sounds
shutdown.opera.com,Opera shutdown sounds
system.opera.com,Opera system sounds
interface.opera.com,Opera interface sounds
ui-sounds.opera.com,Opera user interface sounds
feedback-sounds.opera.com,Opera feedback sounds
accessibility.opera.com,Opera accessibility features
a11y.opera.com,Opera accessibility support
inclusion.opera.com,Opera inclusion initiatives
diversity.opera.com,Opera diversity programs
equality.opera.com,Opera equality commitments
fairness.opera.com,Opera fairness principles
ethics.opera.com,Opera ethical guidelines
responsibility.opera.com,Opera corporate responsibility
sustainability.opera.com,Opera sustainability initiatives
environment.opera.com,Opera environmental impact
green.opera.com,Opera green technology
carbon.opera.com,Opera carbon footprint
renewable.opera.com,Opera renewable energy
recycling.opera.com,Opera recycling programs
waste.opera.com,Opera waste reduction
efficiency.opera.com,Opera energy efficiency
conservation.opera.com,Opera conservation efforts
protection.opera.com,Opera protection measures
safety.opera.com,Opera safety information
wellness.opera.com,Opera wellness programs
fitness.opera.com,Opera fitness initiatives
mental-health.opera.com,Opera mental health support
work-life.opera.com,Opera work-life balance
remote.opera.com,Opera remote work
telecommuting.opera.com,Opera telecommuting support
collaboration-tools.opera.com,Opera collaboration tools
communication.opera.com,Opera communication tools
messaging-platform.opera.com,Opera messaging platform
chat-platform.opera.com,Opera chat platform
video-conferencing.opera.com,Opera video conferencing
voice-calls.opera.com,Opera voice calling
phone.opera.com,Opera phone services
telephony.opera.com,Opera telephony services
pbx.opera.com,Opera PBX systems
voip.opera.com,Opera VoIP services
sip.opera.com,Opera SIP services
webrtc.opera.com,Opera WebRTC support
p2p.opera.com,Opera peer-to-peer technology
mesh.opera.com,Opera mesh networking
distributed.opera.com,Opera distributed systems
decentralized.opera.com,Opera decentralized technology
federation.opera.com,Opera federation protocols
interop.opera.com,Opera interoperability
standards.opera.com,Opera web standards
w3c.opera.com,Opera W3C participation
spec.opera.com,Opera specification development
rfc.opera.com,Opera RFC contributions
proposals.opera.com,Opera specification proposals
draft.opera.com,Opera draft specifications
experimental-specs.opera.com,Opera experimental specifications
future.opera.com,Opera future technology
tomorrow.opera.com,Opera tomorrow's web
next.opera.com,Opera next generation
upcoming.opera.com,Opera upcoming features
pipeline.opera.com,Opera development pipeline
backlog.opera.com,Opera development backlog
queue.opera.com,Opera feature queue
requests.opera.com,Opera feature requests
suggestions.opera.com,Opera user suggestions
ideas.opera.com,Opera innovation ideas
brainstorm.opera.com,Opera brainstorming platform
think-tank.opera.com,Opera think tank
incubator.opera.com,Opera innovation incubator
accelerator.opera.com,Opera startup accelerator
venture.opera.com,Opera venture capital
investment.opera.com,Opera investment opportunities
funding.opera.com,Opera funding information
capital.opera.com,Opera capital investments
equity.opera.com,Opera equity information
debt.opera.com,Opera debt information
loans.opera.com,Opera loan services
credit.opera.com,Opera credit services
banking.opera.com,Opera banking integration
fintech.opera.com,Opera fintech solutions
finance.opera.com,Opera financial services
accounting.opera.com,Opera accounting integration
bookkeeping.opera.com,Opera bookkeeping tools
tax.opera.com,Opera tax preparation
payroll.opera.com,Opera payroll services
hr-systems.opera.com,Opera HR systems
employee.opera.com,Opera employee portal
staff.opera.com,Opera staff resources
personnel.opera.com,Opera personnel management
recruitment-platform.opera.com,Opera recruitment platform
talent.opera.com,Opera talent management
skills.opera.com,Opera skills assessment
competency.opera.com,Opera competency framework
appraisal.opera.com,Opera performance appraisal
feedback-system.opera.com,Opera feedback system
360-feedback.opera.com,Opera 360-degree feedback
peer-review.opera.com,Opera peer review system
mentoring.opera.com,Opera mentoring programs
coaching.opera.com,Opera coaching services
leadership-development.opera.com,Opera leadership development
management-training.opera.com,Opera management training
executive.opera.com,Opera executive resources
c-suite.opera.com,Opera C-suite portal
board-portal.opera.com,Opera board portal
governance.opera.com,Opera corporate governance
compliance-portal.opera.com,Opera compliance portal
risk.opera.com,Opera risk management
audit-portal.opera.com,Opera audit portal
internal-audit.opera.com,Opera internal audit
external-audit.opera.com,Opera external audit
financial-audit.opera.com,Opera financial audit
security-audit.opera.com,Opera security audit
compliance-audit.opera.com,Opera compliance audit
penetration-testing.opera.com,Opera penetration testing
vulnerability-assessment.opera.com,Opera vulnerability assessment
security-assessment.opera.com,Opera security assessment
risk-assessment.opera.com,Opera risk assessment
threat-assessment.opera.com,Opera threat assessment
cybersecurity.opera.com,Opera cybersecurity solutions
infosec.opera.com,Opera information security
data-security.opera.com,Opera data security
network-security.opera.com,Opera network security
endpoint-security.opera.com,Opera endpoint security
mobile-security.opera.com,Opera mobile security
web-security.opera.com,Opera web security
application-security.opera.com,Opera application security
cloud-security.opera.com,Opera cloud security
container-security.opera.com,Opera container security
microservices-security.opera.com,Opera microservices security
api-security.opera.com,Opera API security
authentication.opera.com,Opera authentication services
authorization.opera.com,Opera authorization services
identity.opera.com,Opera identity management
sso.opera.com,Opera single sign-on
saml.opera.com,Opera SAML integration
oauth.opera.com,Opera OAuth services
openid.opera.com,Opera OpenID Connect
federation-services.opera.com,Opera federation services
directory.opera.com,Opera directory services
ldap.opera.com,Opera LDAP integration
active-directory.opera.com,Opera Active Directory
user-management.opera.com,Opera user management
access-control.opera.com,Opera access control
permissions.opera.com,Opera permissions management
roles.opera.com,Opera role management
groups-management.opera.com,Opera groups management
policies.opera.com,Opera policy management
governance-policies.opera.com,Opera governance policies
security-policies.opera.com,Opera security policies
privacy-policies.opera.com,Opera privacy policies
data-policies.opera.com,Opera data policies
retention.opera.com,Opera data retention
deletion.opera.com,Opera data deletion
purging.opera.com,Opera data purging
anonymization.opera.com,Opera data anonymization
pseudonymization.opera.com,Opera data pseudonymization
encryption.opera.com,Opera encryption services
decryption.opera.com,Opera decryption services
key-management.opera.com,Opera key management
certificate.opera.com,Opera certificate management
pki.opera.com,Opera public key infrastructure
ssl.opera.com,Opera SSL certificates
tls.opera.com,Opera TLS security
https-everywhere.opera.com,Opera HTTPS everywhere
secure-browsing.opera.com,Opera secure browsing
safe-browsing.opera.com,Opera safe browsing
